step	loss
0	0.4885703254871951
1	0.47108240428264625
2	0.4619148821114732
3	0.45006127189844847
4	0.4406809522428166
