step	loss
0	0.46242669938257136
1	0.4281834028899289
2	0.41065609339660347
3	0.4011916493842253
4	0.39510095575021004
