step	loss
0	0.46606337019025135
1	0.4372226468766459
2	0.4368461840830672
3	0.4363780471677788
4	0.43054116183457475
5	0.4281530416847323
6	0.4222104146231573
7	0.4189976292332045
8	0.4143979781792282
9	0.4131508159656494
