step	loss
0	0.4924051444025371
1	0.44837664331967075
2	0.4226785660498201
3	0.4096135235549257
4	0.4009271502887574
