step	loss
0	0.4608594869462827
1	0.4397713512824938
2	0.43123181532628047
3	0.42385595586722175
4	0.40984836770013305
