step	loss
0	0.4829346979388033
1	0.4649079265876319
2	0.4586137832758335
3	0.45482917347202856
4	0.45047835559962085
5	0.44297295366041955
6	0.44173561272244105
7	0.44062496670566426
8	0.44070806175756
9	0.44012927687682285
