step	loss
0	0.45614382754356714
1	0.4419454464171165
2	0.43322896672049743
