step	loss
0	0.4696258773920111
1	0.4394301350701588
2	0.4221889636666773
3	0.409665614976503
4	0.4042740896873819
5	0.3995162951417815
6	0.3950268250916855
7	0.3916559698589789
8	0.3897150658582822
9	0.3873709305620993
