step	loss
0	0.4850318175904191
1	0.44220243287852967
2	0.42629260173180517
3	0.41592366616732585
